Campaign,Ad Group,Keyword,Match Type
ES - Middle East,Bulk Supply,bulk green cardamom supplier,Phrase
ES - Middle East,Bulk Supply,bulk green cardamom supplier,Exact
ES - Middle East,Bulk Supply,green cardamom wholesale supplier,Phrase
ES - Middle East,Bulk Supply,green cardamom wholesale supplier,Exact
ES - Middle East,Bulk Supply,buy cardamom in bulk,Phrase
ES - Middle East,Bulk Supply,buy cardamom in bulk,Exact
ES - Middle East,Bulk Supply,wholesale cardamom india,Phrase
ES - Middle East,Bulk Supply,wholesale cardamom india,Exact
ES - Middle East,Bulk Supply,bulk cardamom supplier,Phrase
ES - Middle East,Bulk Supply,bulk cardamom supplier,Exact
ES - Middle East,Exporter Import,green cardamom exporter india,Phrase
ES - Middle East,Exporter Import,green cardamom exporter india,Exact
ES - Middle East,Exporter Import,cardamom exporter india,Phrase
ES - Middle East,Exporter Import,cardamom exporter india,Exact
ES - Middle East,Exporter Import,indian cardamom for import,Phrase
ES - Middle East,Exporter Import,indian cardamom for import,Exact
ES - Middle East,Exporter Import,cardamom supplier for import,Phrase
ES - Middle East,Exporter Import,cardamom supplier for import,Exact
ES - Middle East,Exporter Import,green cardamom exporter,Phrase
ES - Middle East,Exporter Import,green cardamom exporter,Exact
ES - Middle East,Grade Specific,AGEB cardamom supplier,Phrase
ES - Middle East,Grade Specific,AGEB cardamom supplier,Exact
ES - Middle East,Grade Specific,bold green cardamom export,Phrase
ES - Middle East,Grade Specific,bold green cardamom export,Exact
ES - Middle East,Grade Specific,8mm green cardamom,Phrase
ES - Middle East,Grade Specific,8mm green cardamom,Exact
ES - Middle East,Grade Specific,AGB cardamom wholesale,Phrase
ES - Middle East,Grade Specific,AGB cardamom wholesale,Exact
ES - Middle East,Arabic Coffee,cardamom for arabic coffee bulk,Phrase
ES - Middle East,Arabic Coffee,cardamom for arabic coffee bulk,Exact
ES - Middle East,Arabic Coffee,bulk cardamom for qahwa,Phrase
ES - Middle East,Arabic Coffee,bulk cardamom for qahwa,Exact
ES - SE South Asia,Bulk Supply,bulk green cardamom supplier,Phrase
ES - SE South Asia,Bulk Supply,bulk green cardamom supplier,Exact
ES - SE South Asia,Bulk Supply,green cardamom wholesale supplier,Phrase
ES - SE South Asia,Bulk Supply,green cardamom wholesale supplier,Exact
ES - SE South Asia,Bulk Supply,buy cardamom in bulk,Phrase
ES - SE South Asia,Bulk Supply,buy cardamom in bulk,Exact
ES - SE South Asia,Bulk Supply,bulk cardamom supplier,Phrase
ES - SE South Asia,Bulk Supply,bulk cardamom supplier,Exact
ES - SE South Asia,Exporter Import,green cardamom exporter india,Phrase
ES - SE South Asia,Exporter Import,green cardamom exporter india,Exact
ES - SE South Asia,Exporter Import,cardamom exporter india,Phrase
ES - SE South Asia,Exporter Import,cardamom exporter india,Exact
ES - SE South Asia,Exporter Import,indian cardamom for import,Phrase
ES - SE South Asia,Exporter Import,indian cardamom for import,Exact
ES - SE South Asia,Exporter Import,green cardamom exporter,Phrase
ES - SE South Asia,Exporter Import,green cardamom exporter,Exact
ES - SE South Asia,Grade Specific,AGEB cardamom supplier,Phrase
ES - SE South Asia,Grade Specific,AGEB cardamom supplier,Exact
ES - SE South Asia,Grade Specific,bold green cardamom export,Phrase
ES - SE South Asia,Grade Specific,bold green cardamom export,Exact
ES - SE South Asia,Grade Specific,8mm green cardamom,Phrase
ES - SE South Asia,Grade Specific,8mm green cardamom,Exact
ES - Europe,Bulk Supply,bulk green cardamom supplier,Phrase
ES - Europe,Bulk Supply,bulk green cardamom supplier,Exact
ES - Europe,Bulk Supply,green cardamom wholesale supplier,Phrase
ES - Europe,Bulk Supply,green cardamom wholesale supplier,Exact
ES - Europe,Bulk Supply,wholesale cardamom india,Phrase
ES - Europe,Bulk Supply,wholesale cardamom india,Exact
ES - Europe,Bulk Supply,bulk cardamom supplier,Phrase
ES - Europe,Bulk Supply,bulk cardamom supplier,Exact
ES - Europe,Exporter Import,green cardamom exporter india,Phrase
ES - Europe,Exporter Import,green cardamom exporter india,Exact
ES - Europe,Exporter Import,cardamom exporter india,Phrase
ES - Europe,Exporter Import,cardamom exporter india,Exact
ES - Europe,Exporter Import,green cardamom exporter,Phrase
ES - Europe,Exporter Import,green cardamom exporter,Exact
ES - Europe,Grade Specific,AGEB cardamom supplier,Phrase
ES - Europe,Grade Specific,AGEB cardamom supplier,Exact
ES - Europe,Grade Specific,organic green cardamom supplier,Phrase
ES - Europe,Grade Specific,organic green cardamom supplier,Exact
ES - Europe,Grade Specific,8mm green cardamom,Phrase
ES - Europe,Grade Specific,8mm green cardamom,Exact
